Repository Name,Commit Link,File Name,Involved Annotation,Reason for Deletion,Remark,
AgriCraft/AgriCraft,https://github.com/AgriCraft/AgriCraft/commit/e343a364f5018d3630d6adc02fc68dcfe64afb78,ContainerSeedStorage.java,"@SuppressWarnings(""unchecked"")",consistency,,
Alluxio/alluxio,https://github.com/Alluxio/alluxio/commit/5ca1ccb022573039c0de7f62208051e6033be9ba,FileSystemMaster.java,"@SuppressWarnings(""unused"")",consistency,,
Alluxio/alluxio,https://github.com/Alluxio/alluxio/commit/237c0a1511ae87a0dd4105898c304511afe890a8,WebInterfaceGeneralServlet.java,"@SuppressWarnings(""deprecation"")",consistency,,
aosp-mirror/platform_frameworks_support,https://github.com/aosp-mirror/platform_frameworks_support/commit/d38b36c6370fe2aa448b7b824e8fb399fb3f0b97,AppCompatDelegateImplBase.java,"@SuppressLint(""NewApi"")",consistency,,
aosp-mirror/platform_frameworks_support,https://github.com/aosp-mirror/platform_frameworks_support/commit/905bcd294a7351749c60382eab03aa0c679e08bb,AppCompatDrawableManager.java,"@SuppressLint(""NewApi"")",consistency,,
apache/activemq-artemis,https://github.com/apache/activemq-artemis/commit/30c617da3c14885b3a81732e23c42889387a3f8b,ActiveMQMessage.java,"@SuppressWarnings(""rawtypes"")",consistency,,
apache/activemq-artemis,https://github.com/apache/activemq-artemis/commit/330c65ba356b328effaa777a01cccb767c0f4527,InboundTransformer.java,"@SuppressWarnings(""rawtypes"")",consistency,,
apache/apex-malhar,https://github.com/apache/apex-malhar/commit/8b869c199f2ec45e3dbb5d2fd8c9b9a3f2f10d4f,ExpirableHdfsBucketStore.java,"@SuppressWarnings(""unchecked"")",consistency,,
apache/beam,https://github.com/apache/beam/commit/7b13ea1713a89c429d7f226478c6bb2dd7fe8388,DirectPipelineRunner.java,"@SuppressWarnings(""unchecked"")",consistency,,
apache/flink,https://github.com/apache/flink/commit/9eef3c86c8b34732178d0bce441c1e6145c5ea64,SimpleCommunityDetectionExample.java,"@SuppressWarnings(""serial"")",consistency,,
apache/camel,https://github.com/apache/camel/commit/02b9f4d9275acaa32865ef81b740f8d0f3624732,RoundRobinServiceCallLoadBalancer.java,"@SuppressWarnings(""uncheked"")",consistency,,
apache/incubator-freemarker,https://github.com/apache/incubator-freemarker/commit/174c2b961574db208fabddf3529cac0df8a6a6b4,RmiDebuggerService.java,"@SuppressFBWarnings(value=""SE_BAD_FIELD"",",consistency,,
apache/james-project,https://github.com/apache/james-project/commit/ff5743731466bb5e74f13de861702a246b275c0c,SMIMEDecrypt.java,"@SuppressWarnings(""unchecked"")",consistency,,
apache/jena,https://github.com/apache/jena/commit/ca2c9f53c48aad5775d9e8c264e84e3bdb15952f,RDFParserRegistry.java,"@SuppressWarnings(""deprecation"")",consistency,,
apache/jmeter,https://github.com/apache/jmeter/commit/6b1847d44394493107e4de6d722e20705f01c9dc,ListenerNotifier.java,"@SuppressWarnings(""deprecation"")",consistency,,
apache/maven-plugins,https://github.com/apache/maven-plugins/commit/54be513b4ceff34784ffc3b6555bf6cfea62b504,AssemblyInterpolator.java,"@SuppressWarnings( ""unchecked"" )",consistency,,
apache/maven-plugins,https://github.com/apache/maven-plugins/commit/fb43b94d77f0916ee84bcaf2857dc1c29227cad1,EarExecutionContext.java,"@SuppressWarnings( ""unchecked"" )",consistency,,
apache/ofbiz,https://github.com/apache/ofbiz/commit/524134e5129d685f3af8ad5579f90123cdf1d7ea,ProductConfigItemContentWrapper.java,"@SuppressWarnings(""unchecked"")",consistency,,
apache/systemml,https://github.com/apache/systemml/commit/20d3efa0f49bd0406f4ac0c6a13d597d11cba609,GPUContext.java,"@SuppressWarnings(""rawtypes"")",consistency,,
apache/tomcat,https://github.com/apache/tomcat/commit/c05e81139af61fea14a34d4748ec13e86a2b698a,WsWebSocketContainer.java,"@SuppressWarnings(""resource"")",consistency,,
atomix/atomix,https://github.com/atomix/atomix/commit/3d1c608fb639299523277d94416cbf29181a05e3,Services.java,"@SuppressWarnings(""unchecked"")",consistency,,
atomix/atomix,https://github.com/atomix/atomix/commit/3e6a9a2c3cb24b98c3c7e20e38f115c5735af725,ActiveState.java,"@SuppressWarnings(""unchecked"")",consistency,,
atomix/atomix,https://github.com/atomix/atomix/commit/664e1721b3be4e5ba85a43688ccee2672c5c0f84,DistributedMultiMap.java,"@SuppressWarnings(""unchecked"")",consistency,,
baomidou/mybatis-plus,https://github.com/baomidou/mybatis-plus/commit/d4539645cb6bec92423cf7e66964bee91b563abf,ServiceImpl.java,"@SuppressWarnings(""unchecked"")",consistency,,
bndtools/bndtools,https://github.com/bndtools/bndtools/commit/fca0ca2e0307a84ecd1e0a2740ea62282a892d11,WorkspacePreviewPage.java,"@SuppressWarnings(""unused"")",consistency,,
camunda/camunda-bpm-platform,https://github.com/camunda/camunda-bpm-platform/commit/046055328d0ee385767237d5afb2cb4a6023b729,FoxDeleteProcessInstanceCmd.java," @SuppressWarnings(""unchecked"")",consistency,,
DataSketches/sketches-core,https://github.com/DataSketches/sketches-core/commit/fa437f68d971709a8dd30d0cbb7798734e1be454,UnsafeUtil.java,"@SuppressWarnings(""restriction"")",consistency,,
DataSketches/sketches-core,https://github.com/DataSketches/sketches-core/commit/cd810b81ee1c255f1a453d0f38a7898d7ea229e5,HeapAnotB.java,"@SuppressWarnings(""null"")",consistency,,
DataSketches/sketches-core,https://github.com/DataSketches/sketches-core/commit/b6d2af5045140584ecd8022bf8e014add764f3cb,VarOptItemsSamples.java,"@SuppressWarnings(""unchecked"")",consistency,,
DataSketches/sketches-core,https://github.com/DataSketches/sketches-core/commit/78a19e9d5ddd67ef40578b40219d266bed41b6f2,AllocMemory.java,"@SuppressWarnings(""unchecked"")",consistency,,
DDT-IDE/DDT,https://github.com/DDT-IDE/DDT/commit/7cfe610d1f54b21dbf861ca5b9569264e76b74c3,GdbExpressionVMProvider_Override.java,"@SuppressWarnings(""unchecked"")",consistency,,
DDT-IDE/DDT,https://github.com/DDT-IDE/DDT/commit/3534988b3739107a6c5a486700b2219e40aa7a68,GdbExpressionVMProvider_Override.java,"@SuppressWarnings(""unchecked"")",consistency,,
divolte/divolte-collector,https://github.com/divolte/divolte-collector/commit/eae60187c7a89c191c98ae7393cd0b9899425cf7,SimpleRollingFileStrategy.java,"@SuppressWarnings({ ""unchecked"", ""rawtypes"" })",consistency,,
geogebra/geogebra,https://github.com/geogebra/geogebra/commit/aef02506194690079c55b290391dbdbac697e326,ViewMenuApplicationD.java,"@SuppressWarnings(""serial"")",consistency,,
gerrit-review/gerrit,https://github.com/gerrit-review/gerrit/commit/787090d9bb167e8a15c8e95c92f519fbf90fb9bd,GitwebServlet.java,"@SuppressWarnings(""UnusedDeclaration"") ",consistency,,
gerrit-review/gerrit,https://github.com/gerrit-review/gerrit/commit/3175942514602f3c6c0e4441ff37a762af2841b0,PublicKeyStore.java,"@SuppressWarnings(""unchecked"")",consistency,,
gerrit-review/gerrit,https://github.com/gerrit-review/gerrit/commit/f09980eea7b3d7d89d798074c3c72ded81678635,PublicKeyChecker.java," @SuppressWarnings(""unchecked"")",consistency,,
glowroot/glowroot,https://github.com/glowroot/glowroot/commit/eba71ba278548e9a34abe318f4ec71c79f6a9b2c,EmbeddedStorageConfig.java," @SuppressWarnings(""immutables"")",consistency,,
GoClipse/goclipse,https://github.com/GoClipse/goclipse/commit/50a5c14d7095b266bec7183ac0d322ff3690d743,GdbVariableVMNode_Override.java,"@SuppressWarnings(""restriction"")",consistency,,
google/guava,https://github.com/google/guava/commit/d0a31db68a8ef6ff2d2e53b694dc77308ce0d77e,ImmutableGraph.java,"@SuppressWarnings(""unchecked"")",consistency,,
graalvm/graal,https://github.com/graalvm/graal/commit/4a0fc42f53ad709c8555acfa0ca5c8c3459e904d,PolyglotEngineWithJavaScript.java,"@SuppressWarnings(""deprecation"")",consistency,,
graalvm/graal,https://github.com/graalvm/graal/commit/86ee47a07c12f063db6fc9dd671d60f72b591b32,ConsListPropertyMap.java,"@SuppressWarnings(""deprecation"")",consistency,,
graalvm/graal,https://github.com/graalvm/graal/commit/a3e3bde09336305ca4b744a2a9b5e208b2c7ab4c,Breakpoint.java,"@SuppressWarnings(""javadoc"")",consistency,,
graalvm/graal,https://github.com/graalvm/graal/commit/2b0d743271ca0cde9b351bf33ca6de1e3ecdc762,Instrumenter.java," @SuppressWarnings(""rawtypes"")",consistency,,
frostwire/frostwire,https://github.com/frostwire/frostwire/commit/1e5c7891f6b4fdd4a8adab79e1b3e2f87b025b5a,AbstractActivity.java," @SuppressWarnings(""unchecked"")",consistency,,
GoogleCloudPlatform/DataflowJavaSDK,https://github.com/GoogleCloudPlatform/DataflowJavaSDK/commit/7b13ea1713a89c429d7f226478c6bb2dd7fe8388,DirectPipelineRunner.java,"@SuppressWarnings(""unchecked"")",consistency,,
graalvm/fastr,https://github.com/graalvm/fastr/commit/564543fb131077c8a37212ff38c605af0b8e2371,RMathError.java,"@SuppressWarnings(""unused"")",consistency,,
graalvm/fastr,https://github.com/graalvm/fastr/commit/1a0f001182abd4ca64e9878e7e1f0f641c8b89e6,DebugFunctions.java,"@SuppressWarnings(""unused"")",consistency,,
hazelcast/hazelcast,https://github.com/hazelcast/hazelcast/commit/01a46cc0af2149a3d0686ce9adea2681e811a2e9,PutAllOperation.java," @SuppressWarnings(""unused"")",consistency,,
javaee/javamail,https://github.com/javaee/javamail/commit/53a6c2d034725e06612c77b8ab54fde61560445d,Service.java,"@SuppressWarnings(""unchecked"")",consistency,,
javamelody/javamelody,https://github.com/javamelody/javamelody/commit/c1a767f14dbb685e01b1ae4e0d8316a6ced4ed0b,MonitoredSpringAsyncAndScheduledPointcut.java,"@SuppressWarnings(""rawtypes"")",consistency,,
javamelody/javamelody,https://github.com/javamelody/javamelody/commit/cdca84598ff955062b33a58ba363e9840aa88869,Action.java,"@SuppressWarnings(""unchecked"")",consistency,,
jdbi/jdbi,https://github.com/jdbi/jdbi/commit/2d276121d68d04a29a5a79d5949c12a8ecf2b299,BaseStatement.java," @SuppressWarnings(""unchecked"")",consistency,,
JetBrains/intellij-community,https://github.com/JetBrains/intellij-community/commit/c1ee35b18007bb8fc516bd33a2708663983bdc98,XsltExtractFunctionAction.java,"@SuppressWarnings({""ComponentNotRegistered""})",consistency,,
JetBrains/intellij-community,https://github.com/JetBrains/intellij-community/commit/df8c0ba192003fa9f9eb220be5085f3e61c75c9e,MacUtil.java," @SuppressWarnings(""deprecation"")",consistency,,
JikesRVM/JikesRVM,https://github.com/JikesRVM/JikesRVM/commit/03d174954ae4fc501c28d0f5f8670370723d2186,JikesRVMSupport.java,"@SuppressWarnings(""unchecked"")",consistency,,
jqno/equalsverifier,https://github.com/jqno/equalsverifier/commit/9c599204d22aa90347d448f59e4f84225cb34471,EqualsVerifier.java,"@SuppressWarnings(""unchecked"")",consistency,,
maskarade/Android-Orma,https://github.com/maskarade/Android-Orma/commit/b7de9f866aa810f10d17f3febe1cc4d76ca5f990,ListViewActivity.java," @SuppressWarnings(""unchecked"")",consistency,,
kalessil/phpinspectionsea,https://github.com/kalessil/phpinspectionsea/commit/07c6abacfdb1b76e3aeff49273d4a6c209d54d30,AlterInForeachInspector.java,"@SuppressWarnings(""WeakerAccess"")",consistency,,
validator/validator,https://github.com/validator/validator/commit/a70aa3c5836851566df41e8b689868db51af80d3,SimpleDocumentValidator.java,"@SuppressWarnings(""serial"")",consistency,,
vavr-io/vavr,https://github.com/vavr-io/vavr/commit/58ec7c6d290d94570d223b0e70741f2d46234b97,Array.java," @SuppressWarnings(""unchecked"")",consistency,,
vavr-io/vavr,https://github.com/vavr-io/vavr/commit/d0f08ea3dd1de059e14bdc60c71703683c0c40c8,AbstractMap.java," @SuppressWarnings(""unchecked"")",consistency,,
omnifaces/omnifaces,https://github.com/omnifaces/omnifaces/commit/e41861f7fde1afcaba41cd05417a25812a5c0770,Beans.java,"@SuppressWarnings(""deprecation"")",consistency,,
omnifaces/omnifaces,https://github.com/omnifaces/omnifaces/commit/98ebafe6b6b286a2264176f49c61ed8f93a529ce,EagerExtension.java,"@SuppressWarnings(""unused"")",consistency,,
liferay/liferay-plugins,https://github.com/liferay/liferay-plugins/commit/eb87343574f7c5d26f583f9d7685aeea1077f4aa,ExtRepositoryAdapter.java,"@SuppressWarnings(""rawtypes"")",consistency,,
konsoletyper/teavm,https://github.com/konsoletyper/teavm/commit/844da6760cc7c119988ff0d70b09260a60dbf5be,TObject.java," @SuppressWarnings(""unused"")",consistency,,
nutzam/nutz,https://github.com/nutzam/nutz/commit/954eeb5bb2fd0c81e01e47aaf14bbcbff882f0c8,Strings.java," @SuppressWarnings(""unchecked"")",consistency,,
opendaylight/controller,https://github.com/opendaylight/controller/commit/a66b0a0f12639e4cfb43bb92602407f09b849c3f,DatastoreSnapshot.java,"@SuppressWarnings(""static-method"")",consistency,,
openmicroscopy/openmicroscopy,https://github.com/openmicroscopy/openmicroscopy/commit/c444e96f9faa04097ad75caf251661db977b0c0b,ScriptI.java,"@SuppressWarnings(""unchecked"")",consistency,,
yahoo/elide,https://github.com/yahoo/elide/commit/5940ca475fe2aa273365fa5ad5960f1098a9b3e9,JsonApiEndpoint.java,"@SuppressWarnings(""static-method"")",consistency,,
yegor256/takes,https://github.com/yegor256/takes/commit/1860c999ed399f7e0539b7acc11304fa4871bdc7,RsPrettyJSON.java,"@SuppressWarnings(""PMD.AvoidDuplicateLiterals"")",consistency,,
yegor256/takes,https://github.com/yegor256/takes/commit/17712a95ece383831fa79a62ab6b06e2fc2a9e86,RsPrettyJson.java,"@SuppressWarnings(""PMD.AvoidDuplicateLiterals"")",consistency,,
wala/WALA,https://github.com/wala/WALA/commit/321b28f14984076c778525f49aa314c634fbc9d8,TabulationSolver.java,"@SuppressWarnings(""unchecked"")",consistency,,
PhoenicisOrg/POL-POM-5,https://github.com/PhoenicisOrg/POL-POM-5/commit/ade69ec7def5d94a997f6f56db3c27f2c9fac3db,SystemUtilities.java,"@SuppressWarnings(""unused"")",consistency,,
rancher/cattle,https://github.com/rancher/cattle/commit/9060d39a6b679367c43749ada9e6c83c021c76d6,ExternalServiceAuthProvider.java,"@SuppressWarnings(""unchecked"")",consistency,,
rapidoid/rapidoid,https://github.com/rapidoid/rapidoid/commit/7f57f9a276bd673288acfaa586e97e950e03d5c1,ResultCounterCallback.java,"@SuppressWarnings(""unchecked"")",consistency,,
reactor/reactor-core,https://github.com/reactor/reactor-core/commit/fc16dbcc7fc98a6310c1b7ef9afb542485a2f83a,Mono.java,"@SuppressWarnings(""unchecked"")",consistency,,
RustDT/RustDT,https://github.com/RustDT/RustDT/commit/534b1308cec696d45b203e4123c58e003fcbd724,GdbVariableVMNode_Override.java,"@SuppressWarnings(""restriction"")",consistency,,
sinkillerj/ProjectE,https://github.com/sinkillerj/ProjectE/commit/392b223a52255225c0a7a9106a59fa6729d056c5,GUIManual.java,"@SuppressWarnings(""unchecked"")",consistency,,
spring-projects/spring-boot,https://github.com/spring-projects/spring-boot/commit/f5dd90815b52ff89f8e269863426ebfca0576070,CustomerRepository.java,"@SuppressWarnings(""deprecation"")",consistency,,
spring-projects/spring-framework,https://github.com/spring-projects/spring-framework/commit/7ff9f0a8e96eb948aa3539bbfcc41110b12d5d48,EntityManagerFactoryUtils.java,"@SuppressWarnings(""deprecation"")",consistency,,
wildfly/wildfly,https://github.com/wildfly/wildfly/commit/e431834e158d84acb48d028ccbb559b350eec77e,MixedKeyedJDBCStoreResourceDefinition.java," @SuppressWarnings(""deprecation"")",consistency,,
spring-projects/spring-framework,https://github.com/spring-projects/spring-framework/commit/9ed66bf2ebf4605323ba7a310f671d79344be03a,Jaxb2Marshaller.java,"@SuppressWarnings(""resource"")",consistency,,
spring-projects/spring-framework,https://github.com/spring-projects/spring-framework/commit/2b6971a20e8bd92093ca9f4a9e1cf41426545c72,SourceHttpMessageConverter.java,"@SuppressWarnings(""resource"")",consistency,,
wicketstuff/core,https://github.com/wicketstuff/core/commit/68a3fe06b8e2ee69a2ed7aeaff630c4d2f16b68a,PortletServletRequestWrapper.java,"@SuppressWarnings(""unchecked"")",consistency,,
Team-RTG/Realistic-Terrain-Generation,https://github.com/Team-RTG/Realistic-Terrain-Generation/commit/d26369b01029ff1f2ee4c1b08004719b40fda116,MapGenRavineRTG.java,"@SuppressWarnings(""MethodOverridesPrivateMethodOfSuperclass"")",consistency,,
torodb/stampede,https://github.com/torodb/stampede/commit/109754e68dd6e519268c4b28c868ef7a9873bc36,WrapperMutableMetaDatabase.java," @SuppressWarnings(""unchecked"")",consistency,,
strapdata/elassandra,https://github.com/strapdata/elassandra/commit/9d39b0584536a3275d164e084ffe53ed0e35c09e,Store.java,"@SuppressWarnings(""deprecation"")",consistency,,
Stratio/cassandra-lucene-index,https://github.com/Stratio/cassandra-lucene-index/commit/2ae05641f9f15d13b323074e1ce523a8b43965fe,Column.java,"@SuppressWarnings(""NullableProblems"")",consistency,,
SpongePowered/SpongeAPI,https://github.com/SpongePowered/SpongeAPI/commit/cdabe8fa155e424629c9cd7e9875cf365eecb45b,Skeleton.java,"@SuppressWarnings(""deprecation"")",consistency,,
SpongePowered/SpongeAPI,https://github.com/SpongePowered/SpongeAPI/commit/49f9146bc75e3e6ee18e5cebeb8872a57e8687dc,CommandContext.java,"@SuppressWarnings(""unchecked"")",consistency,,
spotbugs/spotbugs,https://github.com/spotbugs/spotbugs/commit/a18dcc11d1542e6df2804d99a601e7c9ffc3f2d4,ClassNodeDetector.java,"@SuppressWarnings(""rawtypes"")",consistency,,
frostwire/frostwire,https://github.com/frostwire/frostwire/commit/acd18006c6ce08cc85418acfac630a22be4bb9fb,NowPlayingCursor.java,"@SuppressLint(""NewApi"")",consistency,,
MovingBlocks/Terasology,https://github.com/MovingBlocks/Terasology/commit/ea802d4b18b7d6730f67de2872691ef7162763e3,Rect2i.java,@Override,consistency,,
robolectric/robolectric,https://github.com/robolectric/robolectric/commit/9d40989ee4c0b50ca707cd81b76c24e39a4fff2c,ShadowApplicationPackageManager.java,@Override,consistency,,
baomidou/mybatis-plus,https://github.com/baomidou/mybatis-plus/commit/57047114b33681c38edf569e85a79982918def94,MybatisSqlSessionFactoryBean.java,@Override,consistency,,
javaparser/javaparser,https://github.com/javaparser/javaparser/commit/9b5f6f7a90387419acd208b11bac305c38193dc1,ReferenceTypeUsage.java,@Override,consistency,,
junit-team/junit4,https://github.com/junit-team/junit4/commit/8baae6ecd6e719c8de58bac1a191de2badd78ed3,FakeRuntimeMXBean.java,@Override,consistency,,
nutzam/nutz,https://github.com/nutzam/nutz/commit/5d3b6a2a57e7adabe48fa99ecec860161059e971,TmplDynamicEle.java,@Override,consistency,,
apache/cxf,https://github.com/apache/cxf/commit/855d033766dc31a76e8cf1a38b6ef8eb7490a23e,SharedInputBuffer.java,@ThreadSafe,consistency,,
apache/jmeter,https://github.com/apache/jmeter/commit/f5f6b5ada7d2df2cf53274d6bbf15cffbd405864,JMeterPoolingClientConnectionManager.java,@ThreadSafe,consistency,,
prestodb/presto,https://github.com/prestodb/presto/commit/6844f59b7c34c68ebf7b023557d25ac4d48f82f8,DriverContext.java,@ThreadSafe,consistency,,
languagetool-org/languagetool,https://github.com/languagetool-org/languagetool/commit/162bd54040b3e93bbff2434b5ce064d9fd2fe572,AbstractDateCheckFilter.java,@Experimental,consistency,,
deeplearning4j/deeplearning4j,https://github.com/deeplearning4j/deeplearning4j/commit/119944c2577f6f2c8ab4aa19b661a7e187268d8a,SparkComputationGraph.java,@Experimental,consistency,,
deeplearning4j/deeplearning4j,https://github.com/deeplearning4j/deeplearning4j/commit/bbf24b69b13d0c870172f5da0e31c9bc34e64d1f,SparkDl4jMultiLayer.java,@Experimental,consistency,,
belaban/JGroups,https://github.com/belaban/JGroups/commit/728bfe095856f328327ce9d278601fdcf11c3602,ReplicatedHashMap.java,@Experimental,consistency,,
grpc/grpc-java,https://github.com/grpc/grpc-java/commit/b51749baa4e1e298ebc3a0d72e76bf17d53b01fe,BindableService.java,"@ExperimentalApi(""https://github.com/grpc/grpc-java/issues/1705"")",consistency,,
grpc/grpc-java,https://github.com/grpc/grpc-java/commit/7052d8b5e92929191bbf501a5f73ea785a65b260,CallOptions.java,"@ExperimentalApi(""https://github.com/grpc/grpc-java/issues/1705"")",consistency,,
Azure/azure-sdk-for-java,https://github.com/Azure/azure-sdk-for-java/commit/6a4c6e1055866483affc774fbed19e9398b848e3,SupportsBatchDeletion.java,@Beta,consistency,,
SonarSource/sonarqube,https://github.com/SonarSource/sonarqube/commit/f77e302dde33cd34ade4311e36c03aa898c61669,CeTask.java,@Beta,consistency,,
caskdata/cdap,https://github.com/caskdata/cdap/commit/46a73d426af7a5c9d76395987660b40760f228b1,FileSetArguments.java,@Beta,consistency,,
braintree/braintree_android,https://github.com/braintree/braintree_android/commit/1a753e37f0be18240ab860faf291386a18582b4a,ThreeDSecureWebView.java,@Beta,consistency,,
apache/kafka,https://github.com/apache/kafka/commit/84323eea23aa8e1f2485b0ff43b3d316e7b0d06a,Connect.java,@InterfaceStability.Unstable,consistency,,
apache/kafka,https://github.com/apache/kafka/commit/99cfb99aa161007f2ceae33945d11b968d932175,KafkaConsumer.java,@InterfaceStability.Unstable,consistency,,
CyanogenMod/android_frameworks_base,https://github.com/CyanogenMod/android_frameworks_base/commit/f714e62c12d99d816d70d09da60b6885a1368cef,TvRecordingClient.java,@SystemApi,consistency,,
aosp-mirror/platform_frameworks_base,https://github.com/aosp-mirror/platform_frameworks_base/commit/95cb226c1a4ff47531da65ef2617ade0dea5c9b8,ApfProgramEvent.java,@SystemApi,consistency,,
gradle/gradle,https://github.com/gradle/gradle/commit/7864d787fd1554c018cdc4af1dac6139ff536f41,CompileOptions.java,@Incubating,consistency,,
mockito/mockito,https://github.com/mockito/mockito/commit/8694f3ede446929454b8e62162394f4db516c501,Location.java,@Incubating,consistency,,
gradle/gradle,https://github.com/gradle/gradle/commit/4c3afda19816d9fa80edf76f2dcc10f1abc3aff4,JavaCompile.java,@Internal,consistency,,
bitstadium/HockeySDK-Android,https://github.com/bitstadium/HockeySDK-Android/commit/3a625983d652d586544fe0089d9c545cf1bed11e,Util.java,@WorkerThread,consistency,,
wikimedia/apps-android-wikipedia,https://github.com/wikimedia/apps-android-wikipedia/commit/40027a5d32ae2cb917542eb470cbe328e5563a6c,MostReadItemCard.java,@VisibleForTesting,consistency,,
Catrobat/Catroid,https://github.com/Catrobat/Catroid/commit/c40c887e76bbbd04a6579e8e810ddef7509baf44,ProjectManager.java,@Deprecated,consistency,,
adempiere/adempiere,https://github.com/adempiere/adempiere/commit/a5e33aad178482b6100bde83ecabac1da5cce52c,VPaySelect.java,@Deprecated,fix,,
novoda/download-manager,https://github.com/novoda/download-manager/commit/2b7231aa68cc2e99b0fd03c74cd05105da8821d9,Request.java,@Deprecated,fix,,
aosp-mirror/platform_frameworks_base,https://github.com/aosp-mirror/platform_frameworks_base/commit/3f3354e087d3b0df568f53faef1d5bdf800d3be6,WebView.java,@Deprecated,fix,,
apache/isis,https://github.com/apache/isis/commit/11efdec0dbb895282df946a3807903c846df5543,package-info.java,@Deprecated,fix,,
caskdata/cdap,https://github.com/caskdata/cdap/commit/8986db2c78705267c0125af79c9361313577ab44,AbstractFlowlet.java,@Deprecated,fix,,
BroadleafCommerce/BroadleafCommerce,https://github.com/BroadleafCommerce/BroadleafCommerce/commit/01c543c5018707224861bbee04f0a97fd228b68d,FieldImpl.java,@Deprecated,fix,,
ContainerSolutions/minimesos,https://github.com/ContainerSolutions/minimesos/commit/8a21853a79bdc661c04ee364a5be5dfab5f480da,MesosMasterExtended.java,@Deprecated,fix,,
Netflix/governator,https://github.com/Netflix/governator/commit/71b12db7c8cbedf8a3f7968d6319dc7c0415a69a,LazySingletonScopeImpl.java,@Deprecated,fix,,
netty/netty,https://github.com/netty/netty/commit/0555b0aefd93d2ddbf68f0163ec9751a5e80b3c8,HttpHeaders.java,@Deprecated,fix,,
liferay/liferay-portal,https://github.com/liferay/liferay-portal/commit/6dae6ab8cd1b9a9838522667938c0122227066e6,SitemapURLProvider.java,@Deprecated,fix,,
eXist-db/exist,https://github.com/eXist-db/exist/commit/79883c09fa03990252e7437c446a5e52c00b4838,NodeVisitor.java,@Deprecated,fix,,
elastic/elasticsearch,https://github.com/elastic/elasticsearch/commit/9db8a266e6ed6d6557cd9f7aca6b4e5d74e3dad5,NamedXContentRegistry.java,@Deprecated,fix,,
strapdata/elassandra,https://github.com/strapdata/elassandra/commit/0c248979f97330d57489b66c969cacae7d7993d5,QueryBuilders.java,@Deprecated,fix,,
matsim-org/matsim,https://github.com/matsim-org/matsim/commit/9ac40a7040ed799b7dcf36cc3db0bdd5371a3fbd,SubtourModeChoice.java,@Deprecated,fix,,
hortonworks/cloudbreak,https://github.com/hortonworks/cloudbreak/commit/7cf18148b8b4708aaa186e74c674ffdb9436a2b3,InstanceGroupBase.java,@NotNull,fix,,
HubSpot/Singularity,https://github.com/HubSpot/Singularity/commit/dd53e24980d04479290daa9964073d65a6fd232d,SingularityExecutorCleanupConfiguration.java,@NotNull,fix,,
HubSpot/Singularity,https://github.com/HubSpot/Singularity/commit/0546b33e3f6cd1c05c07d1a21c373283f50572fd,SMTPConfiguration.java,@NotNull,fix,,
apache/beam,https://github.com/apache/beam/commit/34b3301413a16be6697c5d20896f0f85ddc65cf1,TimerInternals.java,@Nullable,fix,,
cgeo/cgeo,https://github.com/cgeo/cgeo/commit/8a86ec99bb2ed61bdd297c8d1f439c3c149dd7ac,SuggestionProvider.java,@NonNull,fix,,
BuildCraft/BuildCraft,https://github.com/BuildCraft/BuildCraft/commit/f5171731d98f71fbcef0123b8ca259da3cf9120a,BlueprintBuilder.java,@Nonnull,fix,,
bladecoder/bladecoder-adventure-engine,https://github.com/bladecoder/bladecoder-adventure-engine/commit/105a36e034c5c907fe44324d08446146d7abaa7a,PositionAction.java,@Nullable,fix,,
caskdata/cdap,https://github.com/caskdata/cdap/commit/57c02b70fbe94e7224fc8bfe23bc1f3da6b1d809,TimePartitionedFileSetDataset.java,@Nonnull,fix,,
gradle/gradle,https://github.com/gradle/gradle/commit/ee6ac1a8649cf2ad5dce5c9464f2555ea507211a,AbstractProvider.java,@Nullable,fix,,
graphql-java/graphql-java,https://github.com/graphql-java/graphql-java/commit/acc049518f98be09134d90e5e45b9d3cce43e6fc,GraphqlVisitor.java,@NotNull,fix,,
JetBrains/intellij-community,https://github.com/JetBrains/intellij-community/commit/4233366e469b7a9374157f80269ed70d030ead8a,JavaPsiFacadeEx.java,@Nullable,fix,,
JetBrains/intellij-community,https://github.com/JetBrains/intellij-community/commit/a1b6e16050bb37fcec5d63a97b497818dbe582bf,IdeaPluginDescriptor.java,@NotNull,fix,,
JetBrains/intellij-community,https://github.com/JetBrains/intellij-community/commit/88b3b87cacf0466405cb7324da0259757238cd71,VirtualFileGist.java,@Nullable,fix,,
JetBrains/kotlin,https://github.com/JetBrains/kotlin/commit/0adf1d210f13eb420ef8ee89fae5b48e3eeeaf27,KtPureElement.java,@NotNull,fix,,
jooby-project/jooby,https://github.com/jooby-project/jooby/commit/c9c6acf521262e9967998a61accf311f02bc20f2,MediaType.java,@Nonnull,fix,,
lenskit/lenskit,https://github.com/lenskit/lenskit/commit/f2191e762c02e85f8c3213e5f8452676cb83037d,BiasUserVectorNormalizer.java,@Nullable,fix,,
OpenHFT/Chronicle-Map,https://github.com/OpenHFT/Chronicle-Map/commit/910dcfbd75ff503bc7f91b0fd36925cf6178757c,VanillaChronicleMap.java,@NotNull,fix,,
OpenHFT/Chronicle-Map,https://github.com/OpenHFT/Chronicle-Map/commit/94aabe39117d59d89c145056776d3b6a80e230b8,StatelessChronicleMap.java,@NotNull ,fix,,
owlcs/owlapi,https://github.com/owlcs/owlapi/commit/ebb09a13af2fee87ec5f0d03c8dbbb5eeba55f50,NodeFactory.java,@Nonnull,fix,,
prestodb/presto,https://github.com/prestodb/presto/commit/4b5a3d1646e15620267f0a3fcaf55e7ea210b55f,Metadata.java,@NotNull,fix,,
robolectric/robolectric,https://github.com/robolectric/robolectric/commit/cd0517323c1c806d2c7d8b77786999bfb49d5836,BroadcastReceiverData.java,@Nonnull,fix,,
caskdata/cdap,https://github.com/caskdata/cdap/commit/de3e3da41ef86f593e219058b40c28e9376cb3a0,RemoteDatasetFramework.java,@Nullable,fix,,
ReactiveX/RxJava,https://github.com/ReactiveX/RxJava/commit/4c19753714d7f53f4d78e2b07d56e65732c2adbe,Consumer.java,@NonNull,fix,,
consulo/consulo,https://github.com/consulo/consulo/commit/8293b813845e56189195480276bf09233d37932f,SmartList.java,@Nonnull,fix,,
JetBrains/intellij-community,https://github.com/JetBrains/intellij-community/commit/b16c90dbc058d87033ab835218a47a889e0a9419,AccessibleContextUtil.java,@NotNull ,fix,,
JetBrains/intellij-community,https://github.com/JetBrains/intellij-community/commit/1858dac362f0e429b90301f1737ba07fdd6c8e48,DeprecationUtil.java,@NonNls,fix,,
drewnoakes/metadata-extractor,https://github.com/drewnoakes/metadata-extractor/commit/3ddb04ca47cc68701e418e051b942a4fe44c819b,GifReader.java,@Nullable,fix,,
apache/cxf,https://github.com/apache/cxf/commit/8e58f887ca473e642985e21d0c66c28695f587b3,AbstractSpringConfigurationFactory.java,@Configuration(JaxRsConfig.class),fix,dependency,
liferay/liferay-portal,https://github.com/liferay/liferay-portal/commit/2a33941ec947f4338bb87a75da4e7f35a85f797e,FriendlyURLNormalizerImpl.java,@Component,fix,dependency,
sialcasa/mvvmFX,https://github.com/sialcasa/mvvmFX/commit/237fdc6d243a8949478d60c4833af5e77563bf11,AddContactDialogView.java,@Singleton,fix,dependecny,
spring-cloud/spring-cloud-stream,https://github.com/spring-cloud/spring-cloud-stream/commit/b3bc9c967319d17cac649981c6f5f47bcb31aebf,RedisServiceAutoConfiguration.java,@ConditionalOnMissingBean,fix,dependecny,
spring-cloud/spring-cloud-stream,https://github.com/spring-cloud/spring-cloud-stream/commit/086895f6f8f478c98dd6a2dddf96f8a69ea6e47f,BindingServiceConfiguration.java,@ConditionalOnMissingBean,fix,dependecny,
spring-cloud/spring-cloud-dataflow,https://github.com/spring-cloud/spring-cloud-dataflow/commit/fd0fae9f41a81714fcb0d075d50192b4329ff976,SecurityController.java,@EnableConfigurationProperties,fix,dependecny,
dashbuilder/dashbuilder,https://github.com/dashbuilder/dashbuilder/commit/66b13df3a93aaa4964ee89400a7f9cd56bf2b980,DisplayerAttributeGroupDef.java,@ApplicationScoped,fix ,dependecny,
apereo/cas,https://github.com/apereo/cas/commit/78e5a7ce66b45acb0130b2c6008553a5a026794e,MongoServiceRegistryDao.java,@Transactional(readOnly = false),fix,dependency,
BroadleafCommerce/BroadleafCommerce,https://github.com/BroadleafCommerce/BroadleafCommerce/commit/48227d6e3aac497dfc0b1806422ec0bbd809f25a,BaseUrlResolverImpl.java,"@Component(""blBaseUrlResolver"")",fix,dependency,
codelibs/fess,https://github.com/codelibs/fess/commit/f0bbebc5aff958dae783d58611c16058e498e34b,CommandGenerator.java,@PreDestroy,fix ,dependency,
dianrong/UniAuth,https://github.com/dianrong/UniAuth/commit/9067c61e639538f742fef66cc2c52fafc7854092,FuzzyMatchSFtpFileNameLoader.java,@Component,fix,dependency,
gocd/gocd,https://github.com/gocd/gocd/commit/4688303d88f439e212bc573a5ea02cbce362b522,GoAuthenticationProviderFactory.java,@Autowired,fix,dependency,
IQSS/dataverse,https://github.com/IQSS/dataverse/commit/165df817a20ea43b085dec128daed9dc601c332b,BundleDownloadInstanceWriter.java,@Singleton,fix,dependency,
jamesagnew/hapi-fhir,https://github.com/jamesagnew/hapi-fhir/commit/118086059073c868dcb59c6998c8dfb95f1dc9e8,SubscriptionWebsocketHandlerDstu3.java,"@Qualifier(""myFhirContextDstu3"")",fix,dependency,
openmrs/openmrs-core,https://github.com/openmrs/openmrs-core/commit/ebb1d496e06adadde79929ec19329b4781e5dee5,LogicService.java,@Transactional(readOnly = true),fix,dependecy,
opennetworkinglab/onos,https://github.com/opennetworkinglab/onos/commit/e6099413529a131c6702e5a1fbed8edd0295a0d5,OpticalCircuitIntentCompiler.java,@Component(immediate = true),fix ,dependecy,
sitewhere/sitewhere,https://github.com/sitewhere/sitewhere/commit/53d289b5981b567ed2192a121e091a6ab2132bef,UserManagementApplication.java,@Configuration,fix,dependency ,
SpongePowered/SpongeVanilla,https://github.com/SpongePowered/SpongeVanilla/commit/18618eed9a2a3360288fc6a6b51dd30f93128d19,MixinEntityLivingDeath.java,@Inject(method ,fix,dependency,
yahoo/elide,https://github.com/yahoo/elide/commit/02d643e65ea580756eaf51dd925e988c405aba97,JsonApiEndpoint.java,@Consumes,fix,mapping,
cflint/CFLint,https://github.com/cflint/CFLint/commit/651512739e4612ce64886a8c30138f2573262963,CFLintPluginInfo.java,@JsonInclude,fix,mapping,
divolte/divolte-collector,https://github.com/divolte/divolte-collector/commit/9f9cb8720a07d76902d1ec52dffc5c2af4c0b957,FileStrategyConfiguration.java, @JsonCreator,fix,mapping,
ehcache/ehcache3,https://github.com/ehcache/ehcache3/commit/b849c057ae43c7b38cdf64baffa43b0b16f7ab8e,SoftLockSerializer.java,@Serializer.Persistent,fix,seralization,
eucalyptus/eucalyptus,https://github.com/eucalyptus/eucalyptus/commit/387f635716bc78bfd8d428c4cec3542be31b3283,DhcpOption.java,"@JoinColumn( name = ""metadata_scaling_activity_id"" )",fix,mapping,
Graylog2/graylog2-server,https://github.com/Graylog2/graylog2-server/commit/bdbf62d6260d4e7a5bd5c598bdaaab4a3e4c90e1,RuleResource.java,"@Path(""/"")",fix,mapping,
liferay/liferay-portal,https://github.com/liferay/liferay-portal/commit/07ce677c9ee188e1a62106d9c2351862d007c1e9,LiferayRootEndpoint.java,"@Path(""/{path}"")",fix,mapping,
locationtech/geogig,https://github.com/locationtech/geogig/commit/b6c865c5b3735ecffd65251201dcc66987ec4a50,OracleDescribe.java,@ReadOnly,fix,persistence,
aosp-mirror/platform_frameworks_base,https://github.com/aosp-mirror/platform_frameworks_base/commit/fe25b1adaffbc9e84e6c8c5d5f863264becb3484,AssetManager.java,@FastNative,fix,concurrency,
jsettlers/settlers-remake,https://github.com/jsettlers/settlers-remake/commit/472bcfb60ba86c544c017df102d11431c2f08b6a,DirectoryPickerDialog.java,@Background,fix,concurrency,
facebook/buck,https://github.com/facebook/buck/commit/0507c50b3c0277fc4e76054e15d9119d7a92c82f,DexStore.java,@Immutable,fix,concurrency,
aidancbrady/Mekanism,https://github.com/aidancbrady/Mekanism/commit/3e38ac37f4a0b4f75095facee0188aa67db19e58,MekanismGenerators.java,@SideOnly(Side.CLIENT),fix,,
apache/apex-core,https://github.com/apache/apex-core/commit/e244f2138f6d8e638d3107ab82b9c855fffa8472,AppInfo.java, @AppDataPushAgent.Metric,fix,,
aosp-mirror/platform_frameworks_base,https://github.com/aosp-mirror/platform_frameworks_base/commit/0ca35ac9f0feda22f2b4d2f52f7e6ccd3caee878,MediaDrm.java,@StringProperty,fix,,
immutables/immutables,https://github.com/immutables/immutables/commit/7b03de04dab6de720f1544dc1f3edada20e0f6ac,Canvas.java,@Value.Parameter,fix,,
vert-x3/vertx-web,https://github.com/vert-x3/vertx-web/commit/f96d9dbbfbeb4f8fbb40310a6c3178284c9dfd40,HeaderParser.java,@Fluent,fix,,
google/nomulus,https://github.com/google/nomulus/commit/01698059f61357c0cd9c5a13df305a004a24197f,FlowComponent.java,@FlowScope,fix,,
SonarSource/sonar-php,https://github.com/SonarSource/sonar-php/commit/35c07e6cccea132ca9580fa0140f02cce7d72bde,CharacterBeforeOpeningPHPTagCheck.java,@BelongsToProfile,fix,,
apache/nifi,https://github.com/apache/nifi/commit/103153cdd8ba253fb083a5f71ea2437a2767ff0d,GetFTP.java,@SideEffectFree,fix,,
fabric8io/fabric8,https://github.com/fabric8io/fabric8/commit/6e7b7e8796bc08d66d8ecbe03e7116494bc8bf6d,CamelAddEndpointXmlCommand.java,@FacetConstraint(,fix,,
facebook/buck,https://github.com/facebook/buck/commit/6bcde74be033e36579c467daba60cf482f9963fb,JavaBinary.java,@AddToRuleKey,fix,,
google/guava,https://github.com/google/guava/commit/5076898002c108516cadc50179856e0bb2815fa4,Network.java,"@CompatibleWith(""N"")",fix,,
graalvm/fastr,https://github.com/graalvm/fastr/commit/6b901967fe7256284f27c77801246cdc756d2e92,CachedVectorNode.java,@ExplodeLoop,fix,,
graalvm/sulong,https://github.com/graalvm/sulong/commit/03f5385d9999e8598c94c4ee1b5e063183d7bbd7,LLVMToI64Node.java,@ExplodeLoop,fix,,
LambdaInnovation/AcademyCraft,https://github.com/LambdaInnovation/AcademyCraft/commit/763ceaf9a3121ba99a71d2a50b9afb1926c93410,GuiMatrix.java,@Registrant,fix,,
LambdaInnovation/AcademyCraft,https://github.com/LambdaInnovation/AcademyCraft/commit/14aa7488d3b2afc1b44b0ee78f4680fd0f338c89,EntityMeltDowner.java,@RegEntity.HasRender,fix,,
mulesoft/mule,https://github.com/mulesoft/mule/commit/cb9ff0d85866a39912d19205d25974bedb96547d,HttpListenerConnectionManager.java,@Parameter,fix,,
mulesoft/mule,https://github.com/mulesoft/mule/commit/14f649acfced91ab6cd08e17f15bc2af6534dcea,FtpOperations.java,@Optional ,fix,,
SonarSource/sonarqube,https://github.com/SonarSource/sonarqube/commit/3cf7d3e72f09ec723fbd9ff9d04e42fd57d20ad7,DefaultPeriodCleaner.java,@ServerSide,fix,,
syncthing/syncthing-android,https://github.com/syncthing/syncthing-android/commit/fd69477e6c70636bfeb8967a3a2a38e840ea3c6a,AppConfigReceiver.java,@TargetApi(16),fix,,
torakiki/sejda,https://github.com/torakiki/sejda/commit/b7c49742adcef4b81907afae3ab1bdac69afb024,WatermarkParameters.java,@NoIntersections,fix,,
Vazkii/Botania,https://github.com/Vazkii/Botania/commit/37d63bc672fc8e23e23019ef6b1080cceee85723,IBotaniaBoss.java,@SideOnly(Side.CLIENT),fix,,
hazelcast/hazelcast,https://github.com/hazelcast/hazelcast/commit/95ef2b6ea28f14f4ef7691c16dd268321cdef749,BasicSSLContextFactory.java,@PrivateApi,fix,,
apache/hadoop,https://github.com/apache/hadoop/commit/d6325745e26d6acb0bbdb0972ce036297d66d5b0,package-info.java,@InterfaceAudience.Public,fix,,
apache/camel,https://github.com/apache/camel/commit/f5ab9e400aee7c50db6e88a2bbd2f7dae444e740,IdentifiedType.java,@XmlJavaTypeAdapter(CollapsedStringAdapter.class),redundant,no longer,
apache/tinkerpop,https://github.com/apache/tinkerpop/commit/5f1d8ecce811f0363bbf1203db067bc6c143944f,Element.java,@Graph.Helper,redundant,no loner,
cgeo/cgeo,https://github.com/cgeo/cgeo/commit/c7c751b4b8d51cae4db6056c1125cdd45ca3bb41,CentralBackupAgent.java,@TargetApi(8),redundant,no longer,
cloudfoundry/cf-java-client,https://github.com/cloudfoundry/cf-java-client/commit/3ee24d28aed2a11f47510945eedfab6d02a4c48b,ListApplicationDropletsRequest.java,@JsonIgnore,redundant,no longer,
JetBrains/intellij-community,https://github.com/JetBrains/intellij-community/commit/54061f27dbc8b875f97bd065028540b36cd385ae,ProjectComponents.java, @Stubbed,redundant,no longer,
jpcsp/jpcsp,https://github.com/jpcsp/jpcsp/commit/7e31fa05c58c0bbfb322e65e93a105171f7c1733,sceNand.java,@DebugMemory,redundant,no longer,
kabouzeid/Phonograph,https://github.com/kabouzeid/Phonograph/commit/ba444dfb46bdc7ecdc40ddb3c6cde042bbd05cce,BlacklistStore.java,@DebugLog,redundant,no longer,
kabouzeid/Phonograph,https://github.com/kabouzeid/Phonograph/commit/13c4e86c7db074d84868208f2c8ca04c527f235c,MusicService.java,@DebugLog,redundant,no longer,
Deletescape-Media/Lawnchair,https://github.com/Deletescape-Media/Lawnchair/commit/7b18698c196ef09ea6e57ffd1beb8d62fe60b048,UninstallDropTarget.java,@TargetApi(Build.VERSION_CODES.JELLY_BEAN_MR1),redundant,no longer,
liferay/liferay-portal,https://github.com/liferay/liferay-portal/commit/67343bd08378357bbb7d3b137e92b0fc82c63b46,OpenIdConnectProviderRegistryImpl.java,@Reference,redundant,no lomger,
wikimedia/apps-android-wikipedia,https://github.com/wikimedia/apps-android-wikipedia/commit/f0a00b6549c3ceb35342f83d69a469d373778ab6,MainFragment.java,@TargetApi(Build.VERSION_CODES.LOLLIPOP_MR1),redundant,no longer,
zalando/nakadi,https://github.com/zalando/nakadi/commit/b4ab2efdc8d00077662e6411dd7d77c4243c8f6d,EventPublishingController.java,@Timed(name = ,redundant,no longer,
jpcsp/jpcsp,https://github.com/jpcsp/jpcsp/commit/7e31fa05c58c0bbfb322e65e93a105171f7c1733,sceNand.java, @DebugMemory,redundant,no longer,
apache/beam,https://github.com/apache/beam/commit/cb6125b865bad1ccd4f13235da04d50d23e05d66,BoundedReadFromUnboundedSource.java,@Nullable,redundant,primitive,
veraPDF/veraPDF-library,https://github.com/veraPDF/veraPDF-library/commit/957b5c67ce4a19da1b1102ad3be8d13165186829,FontHelper.java,@Nullable,redundant,,
prestodb/presto,https://github.com/prestodb/presto/commit/d2b445a1a8eba63a4c9057141444417360724cf4,PageProcessorCompiler.java,@NotNull,redundant,,
kickstarter/android-oss,https://github.com/kickstarter/android-oss/commit/7072ed319f97f5d7042cbef90716832c59b4dbdb,User.java,@NonNull,redundant,,
owlcs/owlapi,https://github.com/owlcs/owlapi/commit/15c2d31871bb7387d941001d53a6b5fb96391969,OWLNaryAxiom.java,@Nonnull,redundant,void method,
openzipkin/brave,https://github.com/openzipkin/brave/commit/58051063285a73b4965bb12569e01be17cacaf0c,InheritableServerClientAndLocalSpanState.java,@Nonnull,redundant,,
osiam/osiam,https://github.com/osiam/osiam/commit/b0e0e179fabc5b1a575643ce0bdaa1c290076d4c,EvalVisitor.java,@Nonnull,redundant,,
drewnoakes/metadata-extractor,https://github.com/drewnoakes/metadata-extractor/commit/3ddb04ca47cc68701e418e051b942a4fe44c819b,GifReader.java,@Nullable,redundant,primitive,
drewnoakes/metadata-extractor,https://github.com/drewnoakes/metadata-extractor/commit/0dbba1824ec2720543a4e07e651aa2a6d0538a08,NikonType2MakernoteDescriptor.java,@Nullable,redundant,primitive,
drewnoakes/metadata-extractor,https://github.com/drewnoakes/metadata-extractor/commit/c392d26794361f3c6afc8ed3c20981bb8fc7fa46,FileType.java,@NotNull,redundant,Primitive types cannot be null ,
census-instrumentation/opencensus-java,https://github.com/census-instrumentation/opencensus-java/commit/0e2ac1412e281c9d8d131c5eeeec2c56d0ec7f71,Stats.java,@Nullable,redundant,,
ForestryMC/ForestryMC,https://github.com/ForestryMC/ForestryMC/commit/8bf6b19a63ccad8c798378dc908cebd8baaa21b0,ProxyRenderClient.java,@Nonnull,redundant,,
getsentry/sentry-java,https://github.com/getsentry/sentry-java/commit/7b3c4d8a5be19a7ee9b95fbd40ed7fe5ac6f003a,MessageInterface.java,@Nullable,redundant,already has check,
cgeo/cgeo,https://github.com/cgeo/cgeo/commit/4b9a577814f32ec456c52a40e7736e19a3a41638,OpenCachingApi.java,@NonNull,redundant,,
google/nomulus,https://github.com/google/nomulus/commit/17475fe7e89d8a97842a28397192252f2cc28ffd,Registry.java,@Nullable,redundant,already has check,
google/closure-templates,https://github.com/google/closure-templates/commit/9458cb3a188c57d37d93c86a2fbd2ea828dede17,Context.java,@Nullable,redundant,,
google/guava,https://github.com/google/guava/commit/622d9477e597d01553dad65be1f8eb216ac5431f,Hasher.java,@CheckReturnValue,redundant,,
ethereum/ethereumj,https://github.com/ethereum/ethereumj/commit/a0144abe602583d2c044f37ebe484144b6b697f1,LevelDbDataSource.java,"@Scope(""prototype"")",redundant,dependency,
HubSpot/Singularity,https://github.com/HubSpot/Singularity/commit/ec1dcac234695ac4fa3635fd31f9e40e5da26725,SingularityHistoryPersister.java,@Singleton,redundant,dependency,abstract class
jclouds/jclouds,https://github.com/jclouds/jclouds/commit/7704893650de9f3de714d543678ecb471f1f1e32,BaseHttpCommandExecutorService.java,@Inject,redundant,dependency,
jclouds/jclouds,https://github.com/jclouds/jclouds/commit/1d192dfe56e446b4ecd4a29bde8ad7ad80998ee1,BaseView.java,@Singleton,redundant,dependency,
gerrit-review/gerrit,https://github.com/gerrit-review/gerrit/commit/7c754c19758d7d8c934383b88cf5f10dbb119518,ChangeIndexCollection.java,@Inject,redundant,injection,
gerrit-review/gerrit,https://github.com/gerrit-review/gerrit/commit/3b943ab0e837924ca29b7f8f871f6b79ac71dbd2,AbstractElasticIndex.java, @Inject,redundant,injection,
killbill/killbill,https://github.com/killbill/killbill/commit/111f51c2c6c27a7bb80ebf7e6bd9759032c513e4,OverdueResource.java, @Produces(APPLICATION_XML),redundant,dependency injection,
google/nomulus,https://github.com/google/nomulus/commit/2814561e921ad492020ec629e911c5c9212bc866,StackdriverWriter.java,@Inject,redundant,dependency,
spring-cloud/spring-cloud-commons,https://github.com/spring-cloud/spring-cloud-commons/commit/8f087f2ee9ce99c5cc798b50e508497b50749801,AsyncLoadBalancerAutoConfiguration.java,@EnableConfigurationProperties,redundant,dependency,
strapdata/elassandra,https://github.com/strapdata/elassandra/commit/7a53a396e43341d8a8b552e17706d6e996ea7dd2,KuromojiReadingFormFilterFactory.java,@Inject,redundant,dependency,
vmware/photon-controller,https://github.com/vmware/photon-controller/commit/7847f7c24b9c3cf8e87fc0ff3caf9484ea7e4e47,ScoreCalculator.java,@Inject,redundant,dependency,
Netflix/governator,https://github.com/Netflix/governator/commit/80bca328abbd7b6c8e7d49661b3fa83cea8dec88,ApplicationEventModule.java,@Singleton,redundant,Singleton on static class,
Stratio/cassandra-lucene-index,https://github.com/Stratio/cassandra-lucene-index/commit/83c4b17574be8f3ad587f8fe2b6d1ee7c2be4254,SearchBuilder.java,"@JsonProperty(""query"")",redundant,maping,
hawkular/hawkular-metrics,https://github.com/hawkular/hawkular-metrics/commit/f93c1f613a84b1e56ff9e2015c8ca6ecbcc88345,DataPoint.java,@XmlRootElement,redundant,mapping,
facebook/buck,https://github.com/facebook/buck/commit/e8f478f7f1cef4b07632717843c99a342e5ff5e6,AbstractLoadCommand.java,@Value.Parameter,redundant,,
federicoiosue/Omni-Notes,https://github.com/federicoiosue/Omni-Notes/commit/7bd205615becbc0a76521e9adb261708519a5508,ListWidgetService.java,@TargetApi(Build.VERSION_CODES.HONEYCOMB),redundant,,
javaee/glassfish,https://github.com/javaee/glassfish/commit/5955260466ae2a08f8d1c5e3d655dc489f79d100,EmbeddedInhabitantsParser.java,@MetaInfServices,redundant,,
google/guava,https://github.com/google/guava/commit/9e964b3326b56e35f459d843b48a7ced88091b6f,ImmutableNetwork.java,@GwtIncompatible,redundant,,
google/guava,https://github.com/google/guava/commit/ac083ab0599d9b3b4a59191b397e1da8fc39a99f,CollectionFuture.java, @WeakOuter,redundant,,
graalvm/fastr,https://github.com/graalvm/fastr/commit/6a6b024a56b1f972d0a000d547ae5ad74149be95,VApply.java, @ExplodeLoop,redundant,,
realm/realm-java,https://github.com/realm/realm-java/commit/68f4e79404fe6ed991b1ec40c7dee5ced6eb58c1,RealmList.java,@SafeVarargs,redundant,,
shardingjdbc/sharding-jdbc,https://github.com/shardingjdbc/sharding-jdbc/commit/527f3cf670003a0271e534d33ed1e36edd7f4134,SQLTextLiteralExpr.java,@EqualsAndHashCode,redundant,,
shardingjdbc/sharding-jdbc,https://github.com/shardingjdbc/sharding-jdbc/commit/c7b2221372f0468991a468eaf8fedc0f44029593,SQLIntegerExpr.java,@EqualsAndHashCode,redundant,,
jtransc/jtransc,https://github.com/jtransc/jtransc/commit/e3474717256558bb83346d93a5685c70fa74028e,URLEncoder.java,@HaxeMethodBody,redundant,,
liferay/liferay-portal,https://github.com/liferay/liferay-portal/commit/6ccf31058093ad8483fede6e1d731cd6c52ed675,PortletPreferencesLocalServiceImpl.java,@Retry,redundant,,
gdg-x/frisbee,https://github.com/gdg-x/frisbee/commit/044202a411ed9e70f329e302f7c2e51444bf6aec,ArrowActivity.java,@TargetApi(Build.VERSION_CODES.ICE_CREAM_SANDWICH),redundant,,
typetools/checker-framework,https://github.com/typetools/checker-framework/commit/7f5c4a94ca25327e06d2797cf981683108b787de,System.java,@CallerSensitive,redundant,,
OpenNMS/opennms,https://github.com/OpenNMS/opennms/commit/9a6f0bcfea4794a4210468b6b553c81f322dd783,DefaultRemoteRepositoryConfigDao.java,@ContextConfiguration(locations =,redundant,,
spring-projects/spring-boot,https://github.com/spring-projects/spring-boot/commit/f15cf4b9915a18c5253332752363dc0731001682,JpaProperties.java,@NestedConfigurationProperty,redundant,,
apache/apex-core,https://github.com/apache/apex-core/commit/ce0a135813012b989555e2c98203051c7596a15c,PluginLocator.java,@InterfaceStability.Evolving,redundant,,
eclipse/buildship,https://github.com/eclipse/buildship/commit/be63855335a7af67be0de3f2328483cca6e47a1a,TaskViewState.java,"@SuppressWarnings(""deprecation"")",Move,method to class,
google/ExoPlayer,https://github.com/google/ExoPlayer/commit/c6e5b67626baae294d5c7a99dbac9f384bafb3fe,C.java,"@SuppressWarnings(""InlinedApi"")",Move,field to class,
vavr-io/vavr,https://github.com/vavr-io/vavr/commit/51ffc1b8a5adc15d76d9949667ac9d667d7ce6b3,RoseTree.java,"@SuppressWarnings({""unchecked"", ""varargs""})",Move,LOCAL_VARIABLE to method,
bazelbuild/bazel,https://github.com/bazelbuild/bazel/commit/34f95d79a606348596c1dec0bd6b283a7514ece3,SkyValueDirtinessChecker.java,@Nullable,Move,methdo to paremater,
spring-projects/spring-framework,https://github.com/spring-projects/spring-framework/commit/3779fe9bf68e7c8868d1011f2280ecb972c2eb43,RequestPartMethodArgumentResolver.java,@UsesJava8,Move,class to inner class,
AgriCraft/AgriCraft,https://github.com/AgriCraft/AgriCraft/commit/5f446a05c0c11fa135ad2a59e2a1fac4b973f29b,ICustomRenderedBlockWithTile.java,@SideOnly(Side.CLIENT),Move,class to methdod,
spring-cloud/spring-cloud-commons,https://github.com/spring-cloud/spring-cloud-commons/commit/7fcd385d467cd89710d9a2dd528e9c586577913b,ServiceRegistryAutoConfiguration.java,@ConditionalOnClass(Endpoint.class),Move,method to class,
OpenClinica/OpenClinica,https://github.com/OpenClinica/OpenClinica/commit/727cf47b2cccaa4ace2d27e957ace2471175cc4e,OpenRosaSubmissionService.java,@Transactional(propagation = Propagation.NEVER),Move,class to method,
shardingjdbc/sharding-jdbc,https://github.com/shardingjdbc/sharding-jdbc/commit/bd974a502f93acb324e2d4d900f2c4aec23a4fcf,StandardShardingStrategy.java,@Getter,Move,field to method,
spring-cloud/spring-cloud-commons,https://github.com/spring-cloud/spring-cloud-commons/commit/c3f9b1a821a88fb931280591158a25ab88e27361,AsyncLoadBalancerAutoConfiguration.java,@ConditionalOnBean,Move,inner class to class,
google/guava,https://github.com/google/guava/commit/026d168a41b35855a35b80f92aba440585f8e5a0,Funnels.java,@CheckReturnValue,Move,method to package,
spring-cloud/spring-cloud-stream,https://github.com/spring-cloud/spring-cloud-stream/commit/9b4c12b517414b79ada3717adc638462fd6463ba,RabbitServiceAutoConfiguration.java,@AutoConfigureBefore,Move,method to class,
grpc/grpc-java,https://github.com/grpc/grpc-java/commit/9be41ba0e84d85b9c9a96992d8158c2e95cb3050,CallOptions.java,@ExperimentalApi,Move,class to method,
cloudfoundry/cf-java-client,https://github.com/cloudfoundry/cf-java-client/commit/3bd737cfdb9a78029e5171acf98f86e6e5357f0f,_ReactorCloudFoundryClient.java,@Nullable,,,
eclipse/smarthome,https://github.com/eclipse/smarthome/commit/8d1b12d5fb8e09f9122a49ae0a7c9ba8ca3ade8b,ThingHandlerFactory.java,@NonNull,,,
SlimeKnights/TinkersConstruct,https://github.com/SlimeKnights/TinkersConstruct/commit/d9b34badcf9623e40694928506608fe766e18172,Modifier.java,@NotNull,,,
wasdennnoch/AndroidN-ify,https://github.com/wasdennnoch/AndroidN-ify/commit/92767790a096fad5274a5cd57144da2c978bdcf9,StatusBarHeaderHooks.java,@Nullable,,,
spring-projects/spring-framework,https://github.com/spring-projects/spring-framework/commit/57f961e36beaf69951d7e92af5db1f4edae11d93,MethodInterceptor.java,@Nullable,,,
SonarSource/sonarqube,https://github.com/SonarSource/sonarqube/commit/d32e10df85f49769060b5485cfb3d117e14bec2c,ProjectRepositoriesProvider.java,@Nullable,,,
owlcs/owlapi,https://github.com/owlcs/owlapi/commit/0121cee9d6c22d774e605192b8d5ec7f737cfd2c,OWL2Datatype.java,@Nonnull,,,
owlcs/owlapi,https://github.com/owlcs/owlapi/commit/4cd9b083e3c3f8bc88696a164bd5afe5c8fb8e5d,ManchesterOWLSyntax.java, @Nonnull,,,
facebook/fresco,https://github.com/facebook/fresco/commit/fc45b287b9dd500ef594d4f6156cf95595c092dd,CloseableReference.java,@Nullable,,,
cuba-platform/cuba,https://github.com/cuba-platform/cuba/commit/0fdebdfbdf043631305bd85c4d043ed07f5512d3,EntityManagerImpl.java,@Nullable,,,
facebook/buck,https://github.com/facebook/buck/commit/57e01eda79278fc18632ff906f2268e771110ced,BuckConfig.java,@Nullable,,,
aerogear/aerogear-unifiedpush-server,https://github.com/aerogear/aerogear-unifiedpush-server/commit/549ebcb200c08e8c661c63d19b4733a4d9b485b5,InstallationManagementEndpoint.java,@Stateless,,,
aerogear/aerogear-unifiedpush-server,https://github.com/aerogear/aerogear-unifiedpush-server/commit/2c4f9c184fd361bfb6413cb23f83427e152bf64d,WindowsVariantEndpoint.java,@Stateless,,,
actframework/actframework,https://github.com/actframework/actframework/commit/eb48f697a813a04cf8e64b48af0e8921507d29f9,DaoBase.java,@InheritedStateless,,,
aosp-mirror/platform_frameworks_support,https://github.com/aosp-mirror/platform_frameworks_support/commit/21cac9da019ba4968a015b482d216ab558cda20e,Channel.java,@RestrictTo(LIBRARY_GROUP),,,
apache/apex-malhar,https://github.com/apache/apex-malhar/commit/353ce2528321b8877a833733aa999bf1ad391c0e,RMin.java,"@InputPortFieldAnnotation(name = ""data"")",,,
junit-team/junit5,https://github.com/junit-team/junit5/commit/147e0738783415725bf44309dd7d6a1ffad409d3,Color.java,@API(Internal),,,
hazelcast/hazelcast,https://github.com/hazelcast/hazelcast/commit/2c03fb30730794a5e086d262745a8229c8f8dbb9,ServiceManager.java,@PrivateApi,,,
apache/hbase,https://github.com/apache/hbase/commit/3642287b2f86a7c88c140bc9d9e35a9bff7253c4,RSGroupInfoManager.java,@InterfaceAudience.Private,,,
apache/camel,https://github.com/apache/camel/commit/a5c55feb2f1288da808028e6da3d1b643d96a72a,TwitterConfiguration.java,"@Metadata(required = ""true"")",,,
apache/usergrid,https://github.com/apache/usergrid/commit/626359421e9cfedf0fd5baba767051d37b7a24ab,ConnectedIndexScanner.java,"@Metered( group = ""core"",",,,
apereo/cas,https://github.com/apereo/cas/commit/a317d0d12316a1332e5e0bf49f388e12e1065b4b,JpaLockingStrategy.java,@RefreshScope,,,
Azure/azure-sdk-for-java,https://github.com/Azure/azure-sdk-for-java/commit/fb7649cb6c4c5c3c183497013db617b25459614c,AccessPolicy.java,@LangMethodDefinition(AsType = LangMethodType.Method),,,
Azure/azure-sdk-for-java,https://github.com/Azure/azure-sdk-for-java/commit/af38e52a01c2e5b39fbc7c1ad240f7fa262ae327,Backend.java,@Method,,,
cdk/cdk,https://github.com/cdk/cdk/commit/a3d6cdc0659b23a42bf221dcc41049bba136adf9,MMFF94AtomTypeMatcher.java,"@TestMethod(""testFindMatchingAtomType_IAtomContainer"")",,,
ctripcorp/apollo,https://github.com/ctripcorp/apollo/commit/8e08169e0e0e0d0c98a1293723a396f4aaf955e0,WebMvcConfig.java,@EnableWebMvc,,,
deeplearning4j/nd4j,https://github.com/deeplearning4j/nd4j/commit/fcafef25817253a645489c4999f8aaccc0a1f7b6,ActivationHardTanH.java,@JsonSerialize(using = RowVectorSerializer.class),,,
Deletescape-Media/Lawnchair,https://github.com/Deletescape-Media/Lawnchair/commit/514e7dea7467e273ed89cab91ec0db403a593c48,Utilities.java,"@AddTrace(name = ""iconcache_getentryfromdb"")",,,
demoiselle/framework,https://github.com/demoiselle/framework/commit/2e840fee2e6bb9c010cf1c5d09f7fa4cf6a484a7,ConfigurationStringValueExtractor.java,@Priority(L2_PRIORITY),,,
eclipse/hono,https://github.com/eclipse/hono/commit/99671e4fe6bb908d919726d86cfc1be0108f741b,FileBasedCredentialsService.java,"@Profile(""credentials"")",,,
estatio/estatio,https://github.com/estatio/estatio/commit/f7d808df2e0ff5c72e2e5bf5531e9961b0fea609,KeyItemImportExportLineItem.java,"@MemberOrder(sequence = ""1"")",,,
estatio/estatio,https://github.com/estatio/estatio/commit/97377243a06e99939fbde08310fad447b7de1c3e,LeaseStatusService.java,@NotInServiceMenu,,,
flowable/flowable-engine,https://github.com/flowable/flowable-engine/commit/6a7cfb1874499aa4b6679be49648e68faa758abe,RestApiAutoConfiguration.java,@EnableWebMvcSecurity,,,
ForestryMC/ForestryMC,https://github.com/ForestryMC/ForestryMC/commit/84da3cc9393c2b2026afde0117468b53f4e94361,MachineGenerator.java,@EntityNetData,,,
gephi/gephi,https://github.com/gephi/gephi/commit/b0d1215febd09f232a0f0fe07e6f8ca29fd20d7e,HitsUI.java,@ServiceProvider(service = StatisticsUI.class),,,
google/ExoPlayer,https://github.com/google/ExoPlayer/commit/cc58b515b773be93ba4572d5ac221cae856ee1ae,SegmentDownloader.java,"@ClosedSource(reason = ""Not ready yet"")",,,
google/guava,https://github.com/google/guava/commit/e7490fa9553356850b8cee77b1b5510780c2ce61,InsecureRecursiveDeleteException.java,@AndroidIncompatible,,,
graalvm/fastr,https://github.com/graalvm/fastr/commit/1932a2cd5d975b108990a625532447c157b15831,UpdateDimNames.java,@TruffleBoundary,,,
gradle/gradle,https://github.com/gradle/gradle/commit/65a34bd75175e65c88b63b63c54bf06be0b0e4a7,TwirlTemplateFormat.java,@Input,,,
gradle/gradle,https://github.com/gradle/gradle/commit/d60b527ff902fd0710f64972ad25f7ed02c289bc,LinkExecutable.java,@ParallelizableTask,,,
gwtproject/gwt,https://github.com/gwtproject/gwt/commit/40d6459ccdc50a573c11d332fa7acdd4ec65bfad,package-info.java,@com.google.gwt.util.PreventSpuriousRebuilds,,,
hawkular/hawkular-metrics,https://github.com/hawkular/hawkular-metrics/commit/2378ad7fbf92c3c30b343bd055475dfd47adfe70,NewDataListener.java,@Eager,,,
keycloak/keycloak,https://github.com/keycloak/keycloak/commit/4ebdb8d24b053120584f07af1b0131057525e723,LoginActionsService.java, @Consumes(MediaType.APPLICATION_FORM_URLENCODED),,,
kotcrab/vis-editor,https://github.com/kotcrab/vis-editor/commit/3c36fc588aeecdbe49e09ba98ca7fa719252df39,BaseObservable.java,@CallSuper,,,
LambdaInnovation/AcademyCraft,https://github.com/LambdaInnovation/AcademyCraft/commit/74c5908d2a9dc7e34a35654d56a4f60bc5beaa47,ModuleTutorial.java,@Registrant,,,
liferay/liferay-portal,https://github.com/liferay/liferay-portal/commit/c1066e2e78541bbbf6312ff4c527406490823323,FragmentCollectionLocalServiceImpl.java,@Indexable(type = IndexableType.REINDEX),,,
novoda/spikes,https://github.com/novoda/spikes/commit/0b3801e7ef0c5d9943e500ccedddcec5a701bbde,MailChimpWebService.java,"@Headers(""Authorization: apiKey 2adce69f42e1ea8663448f2d62f77fb7-us5"")",,,
nuxeo/nuxeo,https://github.com/nuxeo/nuxeo/commit/370f804d2269f3c165541fb9543d73b103d4966d,ResourceImportRenderer.java,@ResourceDependencies,,,
protegeproject/webprotege,https://github.com/protegeproject/webprotege/commit/e9092bf3c64279f2b31f49c0823e5b9d79ebfdd0,FormElementId.java,@JsonSerialize(using = FormElementIdSerializer.class),,,
protegeproject/webprotege,https://github.com/protegeproject/webprotege/commit/eb6d93a1c6b7d0cd9800cc4ae57fd197def87bfd,UserRecord.java,"@TypeAlias(""UserRecord"")",,,
raoulvdberge/refinedstorage,https://github.com/raoulvdberge/refinedstorage/commit/e26cd8afccfdc978e76746542928f556d4a0c114,TileSolderer.java, @SideOnly(Side.CLIENT,,,
shuzheng/zheng,https://github.com/shuzheng/zheng/commit/d7eb466c6152ba44c83384929c321f8279c3ef52,CmsArticleController.java,@Valid,,,
SonarSource/sonar-java,https://github.com/SonarSource/sonar-java/commit/23085df1385c90352c4390a8a0a40b3917e3e475,LeftCurlyBraceEndLineCheck.java,"@BelongsToProfile(title = ""Sonar way""",,,
SonarSource/SonarJS,https://github.com/SonarSource/SonarJS/commit/0916f3e2a60aee9723bae7385a55e6a2b69f9c67,FunctionNameCheck.java,@ActivatedByDefault,,,
SonarSource/SonarJS,https://github.com/SonarSource/SonarJS/commit/eb16660f66870eb04df5ddbdca63444c44b94b1f,RedeclaredFunctionCheck.java,@ActivatedByDefault,,,
SpongePowered/SpongeAPI,https://github.com/SpongePowered/SpongeAPI/commit/e45879347c53ce2941c409b47849d333c69ffa67,DyeColor.java,@SerializableAs(ke,,,
spring-projects/spring-roo,https://github.com/spring-projects/spring-roo/commit/7ca270ca9c8d95509f4e3554c6cc7cd86e2836b1,PgpCommands.java,@Component,,,
sscarduzio/elasticsearch-readonlyrest-plugin,https://github.com/sscarduzio/elasticsearch-readonlyrest-plugin/commit/12a408a77d7165e0dd11a734030c1800ffce315a,ReloadableSettingsImpl.java,@Singleton,,,
stoicflame/enunciate,https://github.com/stoicflame/enunciate/commit/92a5e81bb7f06a0e063a38af5af1c76ec1a58b8e,EventType.java,@JsonFormat(shape = JsonFormat.Shape.OBJECT),,,
wso2/msf4j,https://github.com/wso2/msf4j/commit/21f638a04b809a0cee70540b1e57159d51bbab54,MSF4JMessageProcessor.java,@Component(,,,
zstackio/zstack,https://github.com/zstackio/zstack/commit/26ce209dda58e8f65f4ed5922ae76cb70647907a,FusionstorPrimaryStorageSimulator.java,@Controller,,,
apache/flink,https://github.com/apache/flink/commit/68ac96e16c09d7aee64d3dc0e5629cc308fb087f,FileSystemSafetyNet.java,@Deprecated,,,
apache/hadoop,https://github.com/apache/hadoop/commit/3abbdc929bde05f8819f5410cef1eaeb8940203f,RawLocalFileSystem.java,@Deprecated,,,
apache/incubator-hivemall,https://github.com/apache/incubator-hivemall/commit/cdb0853de26a8a3522c82af1c3f4f683883b822b,TreePredictByStackMachineUDF.java,@Deprecated,,,
hs-web/hsweb-framework,https://github.com/hs-web/hsweb-framework/commit/bbeb54d4841307587c0d3b986d55c107cefdfb72,PersonnelAuthorization.java,@Deprecated,,,
cuba-platform/cuba,https://github.com/cuba-platform/cuba/commit/202907e7125da2417dff9cbb7f28f0ba3ad9ba49,CubaUploadState.java,@Deprecated,,,
BroadleafCommerce/BroadleafCommerce,https://github.com/BroadleafCommerce/BroadleafCommerce/commit/6244cc8fbd1036b0bb8d0e6ae1b02745d9ad394e,SolrSearchServiceImpl.java,@Deprecated,,,
codenameone/CodenameOne,https://github.com/codenameone/CodenameOne/commit/88d434cda2acedbf795134c5edbe453cff43f9f3,ScanResult.java,@Deprecated,,,
deeplearning4j/deeplearning4j,https://github.com/deeplearning4j/deeplearning4j/commit/0efd15f54ca3102f22477da1197896a83bf40d57,Tsne.java,@Deprecated,,,
naver/pinpoint,https://github.com/naver/pinpoint/commit/c851b0645950b70758bdd24f65512d054adc70b5,BaseClassFileTransformerBuilder.java,@Deprecated,,,
liferay/liferay-portal,https://github.com/liferay/liferay-portal/commit/7977eabbc3c5d6e6675904aa46e52e214e48fb23,ExtAutoDeployer.java,@Deprecated,,,
lindenb/jvarkit,https://github.com/lindenb/jvarkit/commit/9324059a3b38713eabd1b6f0262bcd82c29e8210,AbstractCommandLineProgram.java,@Deprecated,,,
javalite/activejdbc,https://github.com/javalite/activejdbc/commit/5857754cf3e64a027dab47f4204c0ffd5278fd64,Base.java,@Deprecated,,,
eclipse/kura,https://github.com/eclipse/kura/commit/f8fc40df3f73aa09c9361358b5f81e8da07ecf8e,ProcessUtil.java,@Deprecated,,,
eclipse/che,https://github.com/eclipse/che/commit/4612ca5fd0b13c7c75e6009b5a13c7e103e209cb,MachineConfigImpl.java,@Deprecated,,,
pac4j/pac4j,https://github.com/pac4j/pac4j/commit/5b4ee935bb73e0da1518969c4217d938c7aa9a25,MongoAuthenticator.java,@Deprecated,,,
mulesoft/mule,https://github.com/mulesoft/mule/commit/ee842c26458362ffdac7e1ff0753332df5d562c6,SimpleMessageProcessorChainBuilder.java,@Deprecated,,,
JetBrains/intellij-community,https://github.com/JetBrains/intellij-community/commit/7e80dfcbb6fa0814dcd0ad6ce390fbb3bafa6edb,ConventionOptionsPanel.java, @Deprecated,,,
gchq/Gaffer,https://github.com/gchq/Gaffer/commit/c82b8eb3bdc7339a79d63f1f4f038151a9a05a61,GetRelatedEdges.java,@Deprecated,,,
realm/realm-java,https://github.com/realm/realm-java/commit/8590785f7493099b05a3f2ec5e45603574f9bd8e,Realm.java,@Deprecated,,,
apache/logging-log4j2,https://github.com/apache/logging-log4j2/commit/180e7e134aa165d5a43ae6ab04501021907b3bb4,Logger.java,@Deprecated,,,
toolbox4minecraft/amidst,https://github.com/toolbox4minecraft/amidst/commit/62a848c7bc8ec27a2545c2eef054854273d7325f,MapObject.java,@Deprecated,,,
toolbox4minecraft/amidst,https://github.com/toolbox4minecraft/amidst/commit/e12e14afa91321ef7ec2803b5509ee8587cc9ba6,World.java,@Deprecated,,,
geogebra/geogebra,https://github.com/geogebra/geogebra/commit/f32f0d3268cd982fc0aabd4e2f3a935121f5dfb1,Polynomial.java,@Deprecated,,,
torodb/stampede,https://github.com/torodb/stampede/commit/e52f2bd09fb90665d2c50e8e7ca4994d109b4637,Derby.java,@Deprecated,,,
vespa-engine/vespa,https://github.com/vespa-engine/vespa/commit/c14c7c135197f29aed8c194e2a6022891cba8e0e,Result.java,@Deprecated,,,
SeleniumHQ/selenium,https://github.com/SeleniumHQ/selenium/commit/daaf8a7b58de7bafa02110a4d282ef0da9d85c73,ChromeDriver.java,@Deprecated,,,
netty/netty,https://github.com/netty/netty/commit/2902ca122a57d1540a639382f202dc2a09f07069,package-info.java,@Deprecated,,,
google/guava,https://github.com/google/guava/commit/9b4c062c1a588509d3948fef8170ee400d3b145b,Charsets.java,@GwtIncompatible,,,
typetools/checker-framework,https://github.com/typetools/checker-framework/commit/09560e2ac9bf7388173f778397ebb7707e34b266,RegexUtil.java,@Pure,,,
actframework/actframework,https://github.com/actframework/actframework/commit/683ae60227ae4693d4f6b1916ef3d7fed7818087,SequenceNumberGenerator.java,@TypeOf,,,
mulesoft/mule,https://github.com/mulesoft/mule/commit/14f649acfced91ab6cd08e17f15bc2af6534dcea,FileOperations.java,@Optional,,,
apache/camel,https://github.com/apache/camel/commit/a5c55feb2f1288da808028e6da3d1b643d96a72a,TwitterConfiguration.java,@Metadata,,,
querydsl/querydsl,https://github.com/querydsl/querydsl/commit/d206b55edbb08a91dc445de34a2c1c372b6783cb,Visitor.java,@Nullable,,,
hibernate/hibernate-validator,https://github.com/hibernate/hibernate-validator/commit/bbe2c0e9fd8d7e5facd12e30a4dd3eb6b150c1a1,LegacyOptionalValueExtractor.java,@UnwrapByDefault,,,
graalvm/fastr,https://github.com/graalvm/fastr/commit/a316fca7798c60ac22b76bca07786be8bc66ebef,Unlist.java,@TruffleBoundary,,,